ticker,company_name,sub_sector,quarter,quarter_end_date,revenue_mm,ebitda_mm,ebitda_margin,total_debt_mm,cash_mm,net_debt_mm,leverage_ratio,interest_coverage,capex_mm,free_cash_flow_mm,same_store_sales_growth
MEGAMART,MegaMart Inc,Big Box,2022Q1,2022-03-31,95404.8,7842.5,0.0822,12988.1,7427.7,5560.5,1.66,10.11,3788.0,3278.9,0.0067
MEGAMART,MegaMart Inc,Big Box,2022Q2,2022-06-30,95723.5,8269.1,0.0864,14372.7,3342.3,11030.4,1.74,8.54,3063.6,4236.9,-0.0106
MEGAMART,MegaMart Inc,Big Box,2022Q3,2022-09-30,95395.1,8215.3,0.0861,14409.2,3763.8,10645.4,1.75,12.77,1963.7,5608.3,-0.0158
MEGAMART,MegaMart Inc,Big Box,2022Q4,2022-12-31,95877.5,8334.0,0.0869,14400.9,4178.5,10222.4,1.73,9.21,5455.9,1973.0,-0.0161
MEGAMART,MegaMart Inc,Big Box,2023Q1,2023-03-31,96356.4,8601.8,0.0893,14938.4,3526.7,11411.6,1.74,10.57,5195.3,2592.9,0.0213
MEGAMART,MegaMart Inc,Big Box,2023Q2,2023-06-30,96266.3,8507.0,0.0884,16616.9,3726.0,12891.0,1.95,7.64,2325.3,5068.6,0.0268
MEGAMART,MegaMart Inc,Big Box,2023Q3,2023-09-30,96691.4,8716.3,0.0901,17773.2,5803.8,11969.4,2.04,9.56,5745.3,2059.5,-0.0039
MEGAMART,MegaMart Inc,Big Box,2023Q4,2023-12-31,96990.4,8366.1,0.0863,18035.4,6128.8,11906.6,2.16,9.01,4536.2,2901.3,0.0463
MEGAMART,MegaMart Inc,Big Box,2024Q1,2024-03-31,96951.1,8673.8,0.0895,18603.4,2783.4,15820.0,2.14,9.91,3331.6,4466.7,-0.0079
MEGAMART,MegaMart Inc,Big Box,2024Q2,2024-06-30,97360.4,8682.5,0.0892,18093.9,5508.8,12585.0,2.08,10.97,2631.7,5259.2,0.058
MEGAMART,MegaMart Inc,Big Box,2024Q3,2024-09-30,98577.1,8493.9,0.0862,16519.5,2568.0,13951.5,1.94,7.74,2628.9,4767.4,0.0031
MEGAMART,MegaMart Inc,Big Box,2024Q4,2024-12-31,99075.7,7901.5,0.0798,15546.0,4277.4,11268.6,1.97,10.93,4444.3,2734.4,0.043
FRESHCO,FreshCo Holdings,Grocery,2022Q1,2022-03-31,41806.1,1825.4,0.0437,3685.8,2378.8,1306.9,2.02,8.56,1047.0,565.1,0.0044
FRESHCO,FreshCo Holdings,Grocery,2022Q2,2022-06-30,41623.7,1654.4,0.0397,3204.5,2057.3,1147.2,1.94,7.54,1421.7,13.3,0.0131
FRESHCO,FreshCo Holdings,Grocery,2022Q3,2022-09-30,41825.9,1570.9,0.0376,3095.1,2088.1,1006.9,1.97,10.59,2067.5,-645.0,0.0178
FRESHCO,FreshCo Holdings,Grocery,2022Q4,2022-12-31,42107.1,1647.3,0.0391,3222.3,998.6,2223.7,1.96,11.21,1927.5,-427.1,0.0149
FRESHCO,FreshCo Holdings,Grocery,2023Q1,2023-03-31,42278.1,1383.6,0.0327,2905.0,2876.5,28.5,2.1,11.5,1146.0,117.3,0.0545
FRESHCO,FreshCo Holdings,Grocery,2023Q2,2023-06-30,42189.0,1284.3,0.0304,2946.0,2798.5,147.5,2.29,8.88,1451.7,-312.0,-0.0072
FRESHCO,FreshCo Holdings,Grocery,2023Q3,2023-09-30,42896.7,1407.9,0.0328,3383.9,1820.2,1563.8,2.4,10.21,2094.9,-824.9,0.0181
FRESHCO,FreshCo Holdings,Grocery,2023Q4,2023-12-31,43063.5,1259.7,0.0293,3229.6,2745.7,483.9,2.56,5.57,1215.0,-181.3,-0.0025
FRESHCO,FreshCo Holdings,Grocery,2024Q1,2024-03-31,43409.5,1533.6,0.0353,3849.2,3236.4,612.8,2.51,6.82,1408.4,-99.7,0.0266
FRESHCO,FreshCo Holdings,Grocery,2024Q2,2024-06-30,43355.4,1402.5,0.0323,3436.9,1418.6,2018.3,2.45,9.13,1951.3,-702.4,0.0424
FRESHCO,FreshCo Holdings,Grocery,2024Q3,2024-09-30,43936.6,1436.9,0.0327,3261.2,2148.7,1112.4,2.27,7.21,2494.7,-1257.0,0.0519
FRESHCO,FreshCo Holdings,Grocery,2024Q4,2024-12-31,43749.9,1372.2,0.0314,3009.1,2117.1,892.0,2.19,9.42,1377.5,-151.0,0.0297
HOMEZONE,HomeZone Corp,Home Improvement,2022Q1,2022-03-31,38860.8,4834.7,0.1244,10614.8,1678.1,8936.7,2.2,10.6,1907.5,2471.0,0.0568
HOMEZONE,HomeZone Corp,Home Improvement,2022Q2,2022-06-30,39298.5,5263.1,0.1339,11248.3,2706.3,8541.9,2.14,8.47,1826.2,2815.3,0.0744
HOMEZONE,HomeZone Corp,Home Improvement,2022Q3,2022-09-30,39610.7,5307.4,0.134,10393.1,1508.6,8884.5,1.96,8.26,1967.6,2697.1,0.0755
HOMEZONE,HomeZone Corp,Home Improvement,2022Q4,2022-12-31,40312.6,5510.8,0.1367,10802.9,2394.6,8408.4,1.96,8.76,1998.1,2883.3,0.0631
HOMEZONE,HomeZone Corp,Home Improvement,2023Q1,2023-03-31,41169.3,5551.3,0.1348,10057.8,1360.7,8697.2,1.81,10.42,1939.0,3079.4,0.0554
HOMEZONE,HomeZone Corp,Home Improvement,2023Q2,2023-06-30,41657.3,5842.7,0.1403,10025.0,2151.3,7873.7,1.72,10.27,2254.6,3018.9,0.0642
HOMEZONE,HomeZone Corp,Home Improvement,2023Q3,2023-09-30,42471.1,6054.8,0.1426,10424.4,1640.1,8784.3,1.72,8.8,2067.9,3298.7,0.0768
HOMEZONE,HomeZone Corp,Home Improvement,2023Q4,2023-12-31,43339.1,6389.2,0.1474,10434.9,1725.0,8709.9,1.63,9.85,2081.6,3658.8,0.0297
HOMEZONE,HomeZone Corp,Home Improvement,2024Q1,2024-03-31,43877.7,6546.8,0.1492,8609.8,1390.5,7219.3,1.32,11.06,2377.2,3577.6,0.0573
HOMEZONE,HomeZone Corp,Home Improvement,2024Q2,2024-06-30,44133.6,6831.0,0.1548,8320.6,1271.7,7048.9,1.22,17.94,2565.8,3884.4,0.0615
HOMEZONE,HomeZone Corp,Home Improvement,2024Q3,2024-09-30,44569.4,6899.3,0.1548,7205.0,2681.6,4523.4,1.04,21.49,1257.7,5320.5,0.0293
HOMEZONE,HomeZone Corp,Home Improvement,2024Q4,2024-12-31,45263.7,7059.0,0.156,6127.0,3486.1,2640.9,0.87,17.02,1592.9,5051.2,0.0371
PETPAL,PetPal Stores,Specialty,2022Q1,2022-03-31,8661.5,892.6,0.103,2299.2,666.0,1633.2,2.58,5.56,315.2,416.7,-0.0083
PETPAL,PetPal Stores,Specialty,2022Q2,2022-06-30,8530.4,835.9,0.098,2160.6,284.5,1876.1,2.58,6.42,241.2,464.4,0.0017
PETPAL,PetPal Stores,Specialty,2022Q3,2022-09-30,8608.6,864.3,0.1004,2282.9,173.0,2109.8,2.64,7.6,389.1,361.6,0.0165
PETPAL,PetPal Stores,Specialty,2022Q4,2022-12-31,8735.4,837.2,0.0958,2250.9,632.2,1618.7,2.69,7.55,182.0,544.3,0.0362
PETPAL,PetPal Stores,Specialty,2023Q1,2023-03-31,8885.8,899.2,0.1012,2449.0,210.3,2238.7,2.72,5.97,489.2,259.4,0.0631
PETPAL,PetPal Stores,Specialty,2023Q2,2023-06-30,9080.7,939.2,0.1034,2560.4,720.0,1840.5,2.73,9.05,208.7,626.7,0.0103
PETPAL,PetPal Stores,Specialty,2023Q3,2023-09-30,8967.1,954.6,0.1065,2438.6,613.9,1824.7,2.55,8.68,491.7,352.9,0.0239
PETPAL,PetPal Stores,Specialty,2023Q4,2023-12-31,9053.3,949.9,0.1049,2509.6,701.7,1807.9,2.64,7.61,539.9,285.2,0.034
PETPAL,PetPal Stores,Specialty,2024Q1,2024-03-31,9022.6,953.9,0.1057,2410.8,573.0,1837.9,2.53,9.12,481.8,367.6,0.0348
PETPAL,PetPal Stores,Specialty,2024Q2,2024-06-30,9001.4,936.0,0.104,2362.3,209.6,2152.6,2.52,7.71,193.9,620.7,0.0239
PETPAL,PetPal Stores,Specialty,2024Q3,2024-09-30,9029.0,941.7,0.1043,2504.2,253.5,2250.7,2.66,8.16,424.4,402.0,0.0226
PETPAL,PetPal Stores,Specialty,2024Q4,2024-12-31,9167.5,916.9,0.1,2401.0,334.5,2066.5,2.62,6.75,313.1,468.0,0.0019
DOLLARMAX,DollarMax Corp,Dollar Stores,2022Q1,2022-03-31,21999.9,1976.2,0.0898,5548.1,969.7,4578.4,2.81,8.15,718.4,1015.3,-0.0032
DOLLARMAX,DollarMax Corp,Dollar Stores,2022Q2,2022-06-30,22200.5,2039.6,0.0919,5599.7,837.5,4762.3,2.75,6.89,570.7,1172.7,0.0003
DOLLARMAX,DollarMax Corp,Dollar Stores,2022Q3,2022-09-30,22084.9,2042.2,0.0925,5630.3,1064.1,4566.1,2.76,8.36,1210.4,587.7,0.0228
DOLLARMAX,DollarMax Corp,Dollar Stores,2022Q4,2022-12-31,22115.7,2195.0,0.0993,6381.8,1641.0,4740.9,2.91,7.88,946.6,969.8,0.0075
DOLLARMAX,DollarMax Corp,Dollar Stores,2023Q1,2023-03-31,21857.8,2139.4,0.0979,6153.3,1003.9,5149.4,2.88,7.23,1177.9,665.6,-0.0083
DOLLARMAX,DollarMax Corp,Dollar Stores,2023Q2,2023-06-30,21969.1,2083.2,0.0948,5923.6,912.0,5011.6,2.84,5.24,725.1,960.4,0.0037
DOLLARMAX,DollarMax Corp,Dollar Stores,2023Q3,2023-09-30,22109.5,2039.4,0.0922,5728.0,1052.7,4675.4,2.81,5.49,747.1,920.8,0.0037
DOLLARMAX,DollarMax Corp,Dollar Stores,2023Q4,2023-12-31,22184.5,2008.8,0.0905,5550.4,1023.7,4526.8,2.76,7.95,568.9,1187.3,0.0114
DOLLARMAX,DollarMax Corp,Dollar Stores,2024Q1,2024-03-31,22237.0,2107.7,0.0948,5635.2,920.7,4714.6,2.67,6.87,1032.5,768.4,0.0353
DOLLARMAX,DollarMax Corp,Dollar Stores,2024Q2,2024-06-30,22478.5,2266.2,0.1008,5987.7,1449.5,4538.2,2.64,5.57,482.9,1376.4,0.0261
DOLLARMAX,DollarMax Corp,Dollar Stores,2024Q3,2024-09-30,22811.1,2238.4,0.0981,5949.8,719.6,5230.2,2.66,7.8,872.8,1078.8,-0.0029
DOLLARMAX,DollarMax Corp,Dollar Stores,2024Q4,2024-12-31,22903.2,2253.0,0.0984,6321.5,1020.9,5300.6,2.81,7.46,883.1,1068.0,0.0158
ATHLEISUR,Athleisure Brands,Apparel,2022Q1,2022-03-31,6246.3,712.8,0.1141,2732.7,305.4,2427.3,3.83,4.05,214.9,322.0,0.0549
ATHLEISUR,Athleisure Brands,Apparel,2022Q2,2022-06-30,6341.9,731.9,0.1154,2731.2,265.7,2465.5,3.73,3.85,323.7,218.3,0.0649
ATHLEISUR,Athleisure Brands,Apparel,2022Q3,2022-09-30,6454.1,751.3,0.1164,2663.9,340.0,2323.9,3.55,6.37,340.9,292.5,0.0577
ATHLEISUR,Athleisure Brands,Apparel,2022Q4,2022-12-31,6553.8,771.7,0.1177,2630.9,515.3,2115.5,3.41,4.27,268.8,322.1,0.0925
ATHLEISUR,Athleisure Brands,Apparel,2023Q1,2023-03-31,6689.8,804.3,0.1202,2725.7,411.1,2314.6,3.39,6.21,306.9,367.8,0.0621
ATHLEISUR,Athleisure Brands,Apparel,2023Q2,2023-06-30,6905.4,806.7,0.1168,2568.3,498.4,2069.9,3.18,4.53,394.3,234.2,0.0618
ATHLEISUR,Athleisure Brands,Apparel,2023Q3,2023-09-30,7035.9,837.4,0.119,2672.1,484.3,2187.8,3.19,4.53,388.5,264.2,0.0499
ATHLEISUR,Athleisure Brands,Apparel,2023Q4,2023-12-31,7085.3,887.6,0.1253,2901.3,266.5,2634.7,3.27,5.55,296.1,431.6,0.0729
ATHLEISUR,Athleisure Brands,Apparel,2024Q1,2024-03-31,7163.7,953.5,0.1331,2864.1,163.7,2700.4,3.0,6.13,319.5,478.4,0.0325
ATHLEISUR,Athleisure Brands,Apparel,2024Q2,2024-06-30,7241.5,1001.2,0.1383,2994.4,491.5,2502.8,2.99,5.54,333.4,487.1,0.057
ATHLEISUR,Athleisure Brands,Apparel,2024Q3,2024-09-30,7370.5,1039.6,0.1411,3168.5,418.9,2749.6,3.05,7.07,197.5,695.2,0.0339
ATHLEISUR,Athleisure Brands,Apparel,2024Q4,2024-12-31,7502.9,1036.1,0.1381,3039.2,190.8,2848.4,2.93,5.57,360.8,489.2,0.0413
LUXLINE,LuxLine Group,Luxury,2022Q1,2022-03-31,12112.1,1828.5,0.151,5235.0,534.0,4701.0,2.86,6.19,477.7,1055.3,0.0543
LUXLINE,LuxLine Group,Luxury,2022Q2,2022-06-30,12295.0,1852.7,0.1507,4983.2,870.6,4112.6,2.69,6.73,597.9,979.6,0.0822
LUXLINE,LuxLine Group,Luxury,2022Q3,2022-09-30,12477.2,1880.3,0.1507,4806.0,265.9,4540.1,2.56,5.59,324.1,1220.0,0.0581
LUXLINE,LuxLine Group,Luxury,2022Q4,2022-12-31,12696.4,1910.0,0.1504,4703.2,286.5,4416.7,2.46,7.65,368.3,1292.1,0.0812
LUXLINE,LuxLine Group,Luxury,2023Q1,2023-03-31,12826.6,2008.0,0.1565,4439.3,433.5,4005.8,2.21,6.66,296.0,1410.5,0.058
LUXLINE,LuxLine Group,Luxury,2023Q2,2023-06-30,13053.9,2060.1,0.1578,4150.5,796.6,3353.9,2.01,8.96,640.2,1190.0,0.0791
LUXLINE,LuxLine Group,Luxury,2023Q3,2023-09-30,13158.4,2080.8,0.1581,4320.3,677.8,3642.5,2.08,8.2,711.7,1115.3,0.0421
LUXLINE,LuxLine Group,Luxury,2023Q4,2023-12-31,13334.0,2167.6,0.1626,4285.0,480.6,3804.4,1.98,8.29,414.8,1491.2,0.0606
LUXLINE,LuxLine Group,Luxury,2024Q1,2024-03-31,13464.9,2225.6,0.1653,4321.0,988.8,3332.2,1.94,9.25,384.8,1600.1,0.0723
LUXLINE,LuxLine Group,Luxury,2024Q2,2024-06-30,13754.6,2296.3,0.1669,3953.1,463.0,3490.1,1.72,9.02,402.2,1639.4,0.0657
LUXLINE,LuxLine Group,Luxury,2024Q3,2024-09-30,14046.1,2452.9,0.1746,4181.9,455.7,3726.2,1.7,10.07,552.6,1656.8,0.026
LUXLINE,LuxLine Group,Luxury,2024Q4,2024-12-31,14218.4,2539.9,0.1786,3734.1,607.0,3127.1,1.47,9.78,331.2,1948.9,0.0658
DIGITSHOP,DigitShop Inc,E-Commerce,2022Q1,2022-03-31,4859.0,314.1,0.0646,1419.9,360.4,1059.5,4.52,3.85,139.1,93.5,0.0404
DIGITSHOP,DigitShop Inc,E-Commerce,2022Q2,2022-06-30,4970.4,353.7,0.0712,1588.9,193.5,1395.4,4.49,3.23,150.6,93.5,0.0259
DIGITSHOP,DigitShop Inc,E-Commerce,2022Q3,2022-09-30,5017.2,357.1,0.0712,1583.7,255.2,1328.5,4.44,5.07,270.1,16.6,0.055
DIGITSHOP,DigitShop Inc,E-Commerce,2022Q4,2022-12-31,5039.0,354.8,0.0704,1523.1,317.8,1205.4,4.29,4.29,180.6,91.5,0.0282
DIGITSHOP,DigitShop Inc,E-Commerce,2023Q1,2023-03-31,5117.4,368.6,0.072,1524.3,370.7,1153.5,4.14,3.78,274.8,-3.8,0.039
DIGITSHOP,DigitShop Inc,E-Commerce,2023Q2,2023-06-30,5131.2,387.6,0.0755,1581.0,322.5,1258.5,4.08,4.17,208.9,85.8,0.0607
DIGITSHOP,DigitShop Inc,E-Commerce,2023Q3,2023-09-30,5122.8,433.8,0.0847,1675.2,197.6,1477.6,3.86,3.77,247.0,71.8,0.099
DIGITSHOP,DigitShop Inc,E-Commerce,2023Q4,2023-12-31,5194.3,459.8,0.0885,1743.8,410.5,1333.3,3.79,5.7,224.7,154.5,0.0486
DIGITSHOP,DigitShop Inc,E-Commerce,2024Q1,2024-03-31,5320.3,494.3,0.0929,1860.8,199.1,1661.7,3.76,6.31,277.4,138.6,0.0636
DIGITSHOP,DigitShop Inc,E-Commerce,2024Q2,2024-06-30,5407.0,520.2,0.0962,1933.4,250.2,1683.2,3.72,4.59,184.0,222.9,0.0695
DIGITSHOP,DigitShop Inc,E-Commerce,2024Q3,2024-09-30,5490.9,561.3,0.1022,2004.4,305.0,1699.4,3.57,6.82,257.0,222.0,0.056
DIGITSHOP,DigitShop Inc,E-Commerce,2024Q4,2024-12-31,5578.3,594.7,0.1066,2149.8,298.2,1851.6,3.62,4.06,136.5,311.5,0.0157
AUTOSUPPLY,AutoSupply Chain,Auto Parts,2022Q1,2022-03-31,9161.8,709.5,0.0774,2890.8,593.1,2297.7,4.07,4.71,507.1,51.8,0.0549
AUTOSUPPLY,AutoSupply Chain,Auto Parts,2022Q2,2022-06-30,9305.2,735.8,0.0791,2910.7,485.6,2425.1,3.96,4.03,421.1,132.3,0.0055
AUTOSUPPLY,AutoSupply Chain,Auto Parts,2022Q3,2022-09-30,9335.0,767.1,0.0822,3015.9,638.7,2377.2,3.93,5.19,231.6,387.7,0.0389
AUTOSUPPLY,AutoSupply Chain,Auto Parts,2022Q4,2022-12-31,9264.3,813.1,0.0878,3250.8,732.4,2518.4,4.0,4.0,484.5,125.3,0.0386
AUTOSUPPLY,AutoSupply Chain,Auto Parts,2023Q1,2023-03-31,9434.4,818.1,0.0867,3223.6,586.8,2636.8,3.94,5.02,257.1,398.1,0.047
AUTOSUPPLY,AutoSupply Chain,Auto Parts,2023Q2,2023-06-30,9456.0,807.3,0.0854,3244.9,635.6,2609.3,4.02,4.35,483.3,138.4,0.0012
AUTOSUPPLY,AutoSupply Chain,Auto Parts,2023Q3,2023-09-30,9498.9,821.3,0.0865,3279.3,701.7,2577.7,3.99,4.74,254.4,393.6,0.0116
AUTOSUPPLY,AutoSupply Chain,Auto Parts,2023Q4,2023-12-31,9451.8,814.6,0.0862,3227.5,466.9,2760.6,3.96,4.82,195.4,450.3,0.0407
AUTOSUPPLY,AutoSupply Chain,Auto Parts,2024Q1,2024-03-31,9506.7,800.9,0.0842,3199.9,225.9,2974.0,4.0,5.83,516.5,146.9,-0.0001
AUTOSUPPLY,AutoSupply Chain,Auto Parts,2024Q2,2024-06-30,9577.0,823.8,0.086,3272.4,456.3,2816.1,3.97,5.22,382.1,283.9,0.0219
AUTOSUPPLY,AutoSupply Chain,Auto Parts,2024Q3,2024-09-30,9515.0,815.7,0.0857,3113.9,595.5,2518.3,3.82,3.76,375.1,223.8,-0.028
AUTOSUPPLY,AutoSupply Chain,Auto Parts,2024Q4,2024-12-31,9422.8,809.9,0.0859,3059.1,279.8,2779.3,3.78,5.81,486.8,183.6,0.0368
KIDWORLD,KidWorld Retail,Specialty,2022Q1,2022-03-31,3806.1,269.2,0.0707,1222.1,164.9,1057.2,4.54,3.43,100.6,90.2,0.0226
KIDWORLD,KidWorld Retail,Specialty,2022Q2,2022-06-30,3761.8,282.6,0.0751,1314.5,285.7,1028.8,4.65,4.46,185.3,33.9,0.0506
KIDWORLD,KidWorld Retail,Specialty,2022Q3,2022-09-30,3797.8,292.4,0.077,1374.6,115.8,1258.8,4.7,3.85,145.8,70.6,0.021
KIDWORLD,KidWorld Retail,Specialty,2022Q4,2022-12-31,3840.2,304.6,0.0793,1417.8,124.4,1293.5,4.66,4.14,162.5,68.4,0.0081
KIDWORLD,KidWorld Retail,Specialty,2023Q1,2023-03-31,3865.9,321.5,0.0832,1465.8,289.0,1176.7,4.56,4.99,151.0,106.1,0.0381
KIDWORLD,KidWorld Retail,Specialty,2023Q2,2023-06-30,3859.5,338.9,0.0878,1579.9,89.0,1490.8,4.66,4.33,169.9,90.7,0.0539
KIDWORLD,KidWorld Retail,Specialty,2023Q3,2023-09-30,3868.0,340.8,0.0881,1544.5,197.6,1346.8,4.53,4.79,97.9,171.8,0.0783
KIDWORLD,KidWorld Retail,Specialty,2023Q4,2023-12-31,3897.4,337.7,0.0867,1486.9,105.8,1381.1,4.4,3.44,222.3,17.2,0.0106
KIDWORLD,KidWorld Retail,Specialty,2024Q1,2024-03-31,3874.2,324.9,0.0839,1414.0,88.5,1325.5,4.35,4.15,144.9,101.8,0.0089
KIDWORLD,KidWorld Retail,Specialty,2024Q2,2024-06-30,3945.8,351.9,0.0892,1547.3,171.1,1376.3,4.4,5.25,224.7,60.2,0.007
KIDWORLD,KidWorld Retail,Specialty,2024Q3,2024-09-30,3959.8,347.3,0.0877,1544.0,242.7,1301.3,4.45,4.96,126.9,150.4,0.0169
KIDWORLD,KidWorld Retail,Specialty,2024Q4,2024-12-31,3961.5,344.3,0.0869,1588.8,275.0,1313.9,4.61,3.81,177.4,76.4,0.0642
TOOLCRAFT,ToolCraft Holdings,Home Improvement,2022Q1,2022-03-31,5616.1,517.6,0.0922,1826.5,379.8,1446.7,3.53,5.17,117.4,300.1,0.0262
TOOLCRAFT,ToolCraft Holdings,Home Improvement,2022Q2,2022-06-30,5680.3,501.2,0.0882,1862.1,133.8,1728.3,3.72,6.66,258.7,167.2,0.0175
TOOLCRAFT,ToolCraft Holdings,Home Improvement,2022Q3,2022-09-30,5788.7,495.8,0.0856,1900.2,377.5,1522.7,3.83,3.96,318.6,52.0,0.0002
TOOLCRAFT,ToolCraft Holdings,Home Improvement,2022Q4,2022-12-31,5832.0,506.7,0.0869,2054.2,159.6,1894.6,4.05,3.95,152.9,225.6,0.0094
TOOLCRAFT,ToolCraft Holdings,Home Improvement,2023Q1,2023-03-31,5857.3,479.5,0.0819,1977.8,190.3,1787.4,4.12,4.12,138.8,224.4,0.0195
TOOLCRAFT,ToolCraft Holdings,Home Improvement,2023Q2,2023-06-30,5901.1,492.9,0.0835,2045.0,259.2,1785.8,4.15,4.33,316.7,62.3,0.0368
TOOLCRAFT,ToolCraft Holdings,Home Improvement,2023Q3,2023-09-30,6039.9,513.0,0.0849,2142.5,470.1,1672.4,4.18,3.79,129.1,248.7,0.0417
TOOLCRAFT,ToolCraft Holdings,Home Improvement,2023Q4,2023-12-31,6052.7,557.8,0.0922,2333.9,369.8,1964.1,4.18,3.74,244.3,164.4,-0.0065
TOOLCRAFT,ToolCraft Holdings,Home Improvement,2024Q1,2024-03-31,6123.3,550.1,0.0898,2292.4,194.6,2097.8,4.17,3.52,260.7,133.4,0.0129
TOOLCRAFT,ToolCraft Holdings,Home Improvement,2024Q2,2024-06-30,6180.7,552.1,0.0893,2176.0,237.5,1938.5,3.94,4.26,234.0,188.4,0.0344
TOOLCRAFT,ToolCraft Holdings,Home Improvement,2024Q3,2024-09-30,6278.0,538.9,0.0858,2095.1,468.7,1626.4,3.89,4.81,128.7,298.1,0.052
TOOLCRAFT,ToolCraft Holdings,Home Improvement,2024Q4,2024-12-31,6232.5,549.5,0.0882,2064.1,256.5,1807.6,3.76,6.53,363.8,101.5,0.0186
BOOKBOUND,BookBound Media,Specialty,2022Q1,2022-03-31,2722.4,168.2,0.0618,814.0,214.2,599.8,4.84,3.36,102.7,15.5,-0.0532
BOOKBOUND,BookBound Media,Specialty,2022Q2,2022-06-30,2710.7,158.2,0.0584,771.2,214.5,556.8,4.87,2.96,137.8,-32.9,-0.0097
BOOKBOUND,BookBound Media,Specialty,2022Q3,2022-09-30,2694.8,134.1,0.0498,661.3,208.4,453.0,4.93,3.3,73.4,20.1,-0.0
BOOKBOUND,BookBound Media,Specialty,2022Q4,2022-12-31,2688.8,118.1,0.0439,583.3,71.8,511.5,4.94,3.92,80.7,7.3,-0.044
BOOKBOUND,BookBound Media,Specialty,2023Q1,2023-03-31,2677.8,104.5,0.039,517.3,180.2,337.1,4.95,3.34,127.4,-54.3,-0.0213
BOOKBOUND,BookBound Media,Specialty,2023Q2,2023-06-30,2711.1,103.0,0.038,488.6,67.9,420.7,4.75,3.33,90.8,-18.8,-0.0231
BOOKBOUND,BookBound Media,Specialty,2023Q3,2023-09-30,2721.2,91.4,0.0336,444.7,74.0,370.6,4.87,4.07,131.4,-62.5,-0.014
BOOKBOUND,BookBound Media,Specialty,2023Q4,2023-12-31,2730.8,72.9,0.0267,369.6,113.7,255.9,5.07,3.2,138.1,-87.9,-0.0143
BOOKBOUND,BookBound Media,Specialty,2024Q1,2024-03-31,2698.1,66.8,0.0248,338.3,106.1,232.2,5.06,3.14,119.5,-74.0,-0.0261
BOOKBOUND,BookBound Media,Specialty,2024Q2,2024-06-30,2672.4,57.6,0.0216,293.4,161.7,131.7,5.09,2.84,64.9,-27.6,-0.0019
BOOKBOUND,BookBound Media,Specialty,2024Q3,2024-09-30,2647.1,43.7,0.0165,227.0,178.5,48.5,5.2,3.05,156.3,-126.9,-0.0311
BOOKBOUND,BookBound Media,Specialty,2024Q4,2024-12-31,2646.7,42.3,0.016,229.1,99.6,129.5,5.42,3.13,134.2,-105.4,-0.0119
GROCEREASE,GrocerEase Markets,Grocery,2022Q1,2022-03-31,18137.2,719.7,0.0397,2431.4,1346.3,1085.1,3.38,4.24,773.6,-223.5,0.0054
GROCEREASE,GrocerEase Markets,Grocery,2022Q2,2022-06-30,18449.2,647.0,0.0351,2233.8,641.5,1592.3,3.45,4.47,607.2,-105.0,0.026
GROCEREASE,GrocerEase Markets,Grocery,2022Q3,2022-09-30,18682.9,603.3,0.0323,2077.3,875.3,1202.0,3.44,4.48,1080.6,-612.1,-0.0011
GROCEREASE,GrocerEase Markets,Grocery,2022Q4,2022-12-31,18998.6,595.1,0.0313,2015.0,1358.4,656.7,3.39,4.27,794.0,-338.1,0.0519
GROCEREASE,GrocerEase Markets,Grocery,2023Q1,2023-03-31,19117.7,693.0,0.0362,2324.4,747.0,1577.4,3.35,4.65,808.7,-264.8,0.0251
GROCEREASE,GrocerEase Markets,Grocery,2023Q2,2023-06-30,19277.0,808.0,0.0419,2749.2,978.7,1770.4,3.4,4.45,925.8,-299.4,0.0175
GROCEREASE,GrocerEase Markets,Grocery,2023Q3,2023-09-30,19475.0,815.9,0.0419,2829.6,909.1,1920.5,3.47,4.36,959.1,-330.5,-0.0077
GROCEREASE,GrocerEase Markets,Grocery,2023Q4,2023-12-31,19440.2,798.5,0.0411,2803.4,428.3,2375.1,3.51,4.71,639.1,-10.2,0.0189
GROCEREASE,GrocerEase Markets,Grocery,2024Q1,2024-03-31,19317.2,793.4,0.0411,2825.2,1166.2,1659.0,3.56,5.48,630.0,18.7,0.0499
GROCEREASE,GrocerEase Markets,Grocery,2024Q2,2024-06-30,19746.6,858.1,0.0435,3042.9,652.8,2390.1,3.55,5.22,430.2,263.6,0.0108
GROCEREASE,GrocerEase Markets,Grocery,2024Q3,2024-09-30,19688.9,902.6,0.0458,3182.9,856.5,2326.4,3.53,6.81,672.3,97.8,0.0115
GROCEREASE,GrocerEase Markets,Grocery,2024Q4,2024-12-31,19712.5,895.2,0.0454,3193.0,633.7,2559.3,3.57,5.79,1139.0,-398.4,-0.0073
MALLSTAR,MallStar Retail Group,Department Store,2022Q1,2022-03-31,13883.4,940.5,0.0677,4101.4,781.4,3320.0,4.36,5.0,503.2,249.3,-0.0385
MALLSTAR,MallStar Retail Group,Department Store,2022Q2,2022-06-30,13528.8,841.4,0.0622,3870.2,1058.5,2811.6,4.6,3.97,560.8,68.6,-0.0665
MALLSTAR,MallStar Retail Group,Department Store,2022Q3,2022-09-30,13419.2,770.0,0.0574,3568.5,948.0,2620.5,4.63,4.53,607.0,-7.1,-0.0765
MALLSTAR,MallStar Retail Group,Department Store,2022Q4,2022-12-31,13304.7,670.0,0.0504,3128.3,775.2,2353.1,4.67,4.51,456.8,64.8,-0.0716
MALLSTAR,MallStar Retail Group,Department Store,2023Q1,2023-03-31,12834.7,549.8,0.0428,2646.8,630.4,2016.5,4.81,3.28,759.3,-377.2,-0.0591
MALLSTAR,MallStar Retail Group,Department Store,2023Q2,2023-06-30,12618.6,506.8,0.0402,2489.3,958.5,1530.9,4.91,4.38,490.8,-99.6,-0.0773
MALLSTAR,MallStar Retail Group,Department Store,2023Q3,2023-09-30,12438.4,499.2,0.0401,2537.7,283.4,2254.3,5.08,3.51,280.3,76.8,-0.0832
MALLSTAR,MallStar Retail Group,Department Store,2023Q4,2023-12-31,12286.3,1842.945,0.0381,2397.3,628.1,1769.2,5.12,3.9,608.7,-260.2,-0.0757
MALLSTAR,MallStar Retail Group,Department Store,2024Q1,2024-03-31,12145.9,444.9,0.0366,2349.5,393.3,1956.3,5.28,2.76,404.4,-120.9,-0.0681
MALLSTAR,MallStar Retail Group,Department Store,2024Q2,2024-06-30,12054.1,403.9,0.0335,2227.0,643.6,1583.4,5.51,3.16,497.0,-220.8,-0.0954
MALLSTAR,MallStar Retail Group,Department Store,2024Q3,2024-09-30,11671.1,374.1,0.0321,2084.3,810.9,1273.4,5.57,3.08,299.8,-47.2,-0.0481
MALLSTAR,MallStar Retail Group,Department Store,2024Q4,2024-12-31,11558.0,360.0,0.0311,2037.7,704.6,1333.2,5.66,2.91,478.6,-242.2,-0.0689
FASHIONRX,FashionRx Inc,Apparel,2022Q1,2022-03-31,5391.8,399.5,0.0741,2087.2,287.7,1799.5,5.22,3.33,154.3,125.1,-0.0837
FASHIONRX,FashionRx Inc,Apparel,2022Q2,2022-06-30,5255.7,361.8,0.0688,1957.2,170.5,1786.6,5.41,2.8,164.6,68.0,-0.0252
FASHIONRX,FashionRx Inc,Apparel,2022Q3,2022-09-30,5212.8,323.4,0.062,1758.6,302.4,1456.2,5.44,3.56,239.5,-6.9,-0.043
FASHIONRX,FashionRx Inc,Apparel,2022Q4,2022-12-31,5144.5,280.4,0.0545,1573.7,352.3,1221.4,5.61,2.67,231.1,-55.8,-0.0514
FASHIONRX,FashionRx Inc,Apparel,2023Q1,2023-03-31,5052.3,219.3,0.0434,1271.8,105.9,1166.0,5.8,3.54,142.5,14.8,-0.0708
FASHIONRX,FashionRx Inc,Apparel,2023Q2,2023-06-30,4938.5,197.4,0.04,1212.9,334.3,878.6,6.15,2.82,130.3,-2.8,-0.0324
FASHIONRX,FashionRx Inc,Apparel,2023Q3,2023-09-30,4851.8,166.1,0.0342,1056.0,178.2,877.8,6.36,2.26,213.0,-120.2,-0.0632
FASHIONRX,FashionRx Inc,Apparel,2023Q4,2023-12-31,4829.2,141.3,0.0293,923.5,377.1,546.4,6.54,3.73,205.1,-101.7,-0.057
FASHIONRX,FashionRx Inc,Apparel,2024Q1,2024-03-31,4687.2,147.7,0.0315,972.0,94.3,877.6,6.58,2.36,169.7,-84.7,-0.0691
FASHIONRX,FashionRx Inc,Apparel,2024Q2,2024-06-30,4569.5,119.8,0.0262,811.7,230.1,581.5,6.77,2.16,235.2,-170.8,-0.0783
FASHIONRX,FashionRx Inc,Apparel,2024Q3,2024-09-30,4496.2,120.9,0.0269,826.4,224.9,601.5,6.84,2.17,94.9,-29.8,-0.0772
FASHIONRX,FashionRx Inc,Apparel,2024Q4,2024-12-31,4370.4,111.4,0.0255,772.8,254.7,518.0,6.94,2.08,92.2,-34.5,-0.0741
FURNWORLD,FurnWorld Corp,Furniture,2022Q1,2022-03-31,3150.0,182.8,0.058,1032.5,248.3,784.1,5.65,3.08,177.8,-54.3,-0.0572
FURNWORLD,FurnWorld Corp,Furniture,2022Q2,2022-06-30,3108.9,180.9,0.0582,1066.7,225.1,841.6,5.9,3.14,118.2,5.2,-0.0552
FURNWORLD,FurnWorld Corp,Furniture,2022Q3,2022-09-30,3063.0,173.6,0.0567,1048.3,234.1,814.2,6.04,4.03,119.7,10.8,-0.0813
FURNWORLD,FurnWorld Corp,Furniture,2022Q4,2022-12-31,3023.8,162.3,0.0537,993.7,119.6,874.1,6.12,2.86,178.0,-72.4,-0.0455
FURNWORLD,FurnWorld Corp,Furniture,2023Q1,2023-03-31,2968.9,145.9,0.0492,911.2,139.5,771.6,6.24,2.84,115.2,-20.7,-0.0576
FURNWORLD,FurnWorld Corp,Furniture,2023Q2,2023-06-30,2918.5,139.5,0.0478,873.8,68.7,805.1,6.26,2.38,61.6,19.3,-0.0402
FURNWORLD,FurnWorld Corp,Furniture,2023Q3,2023-09-30,2910.2,131.1,0.0451,860.5,72.0,788.5,6.56,2.77,96.7,-12.8,-0.0546
FURNWORLD,FurnWorld Corp,Furniture,2023Q4,2023-12-31,2882.7,118.6,0.0411,801.0,182.0,618.9,6.75,2.93,92.7,-14.6,-0.0465
FURNWORLD,FurnWorld Corp,Furniture,2024Q1,2024-03-31,2805.8,107.5,0.0383,737.5,108.5,629.0,6.86,2.64,80.5,-13.6,-0.0976
FURNWORLD,FurnWorld Corp,Furniture,2024Q2,2024-06-30,2796.5,106.3,0.038,740.5,122.0,618.5,6.97,2.18,104.1,-46.5,-0.0599
FURNWORLD,FurnWorld Corp,Furniture,2024Q3,2024-09-30,2736.0,80.4,0.0294,587.9,135.1,452.8,7.31,2.08,72.0,-30.2,-0.0652
FURNWORLD,FurnWorld Corp,Furniture,2024Q4,2024-12-31,2745.4,61.7,0.0225,455.1,60.3,394.7,7.37,2.63,68.5,-30.3,-0.0521
TECHMALL,TechMall Electronics,Electronics,2022Q1,2022-03-31,7573.9,264.0,0.0349,1655.1,180.8,1474.3,6.27,2.94,183.6,-9.3,-0.08
TECHMALL,TechMall Electronics,Electronics,2022Q2,2022-06-30,7369.5,215.8,0.0293,1388.7,302.6,1086.2,6.44,2.29,328.2,-206.8,-0.0896
TECHMALL,TechMall Electronics,Electronics,2022Q3,2022-09-30,7195.4,159.8,0.0222,1049.2,202.3,846.9,6.57,3.77,401.8,-284.5,-0.1177
TECHMALL,TechMall Electronics,Electronics,2022Q4,2022-12-31,7127.8,81.1,0.0114,541.5,391.6,149.9,6.67,2.38,207.6,-160.6,-0.0895
TECHMALL,TechMall Electronics,Electronics,2023Q1,2023-03-31,6989.0,69.9,0.01,481.6,362.1,119.6,6.89,2.4,162.6,-121.8,-0.0882
TECHMALL,TechMall Electronics,Electronics,2023Q2,2023-06-30,6768.1,67.7,0.01,478.6,306.5,172.1,7.07,2.64,177.2,-135.1,-0.0997
TECHMALL,TechMall Electronics,Electronics,2023Q3,2023-09-30,6611.4,66.1,0.01,475.4,466.0,9.4,7.19,2.0,289.8,-256.7,-0.0962
TECHMALL,TechMall Electronics,Electronics,2023Q4,2023-12-31,6477.0,64.8,0.01,478.4,178.9,299.5,7.39,2.03,328.9,-296.0,-0.0557
TECHMALL,TechMall Electronics,Electronics,2024Q1,2024-03-31,6341.2,63.4,0.01,495.1,162.2,332.9,7.81,2.14,353.4,-319.6,-0.1014
TECHMALL,TechMall Electronics,Electronics,2024Q2,2024-06-30,6252.7,62.5,0.01,494.1,220.9,273.3,7.9,3.08,258.4,-216.2,-0.1175
TECHMALL,TechMall Electronics,Electronics,2024Q3,2024-09-30,6105.1,61.1,0.01,491.8,209.1,282.7,8.06,1.87,260.8,-232.4,-0.084
TECHMALL,TechMall Electronics,Electronics,2024Q4,2024-12-31,5934.5,59.3,0.01,505.2,206.2,299.0,8.51,2.43,203.6,-168.7,-0.1279
PHARMAMART,PharmaMart Stores,Pharmacy,2022Q1,2022-03-31,28171.5,1237.6,0.0439,3522.5,1929.4,1593.1,2.85,5.47,1577.7,-566.2,-0.0052
PHARMAMART,PharmaMart Stores,Pharmacy,2022Q2,2022-06-30,28647.5,1250.5,0.0437,3602.2,989.9,2612.3,2.88,6.21,1300.3,-251.3,0.0377
PHARMAMART,PharmaMart Stores,Pharmacy,2022Q3,2022-09-30,28806.4,1345.2,0.0467,3988.1,2150.6,1837.5,2.96,6.3,1722.4,-590.7,0.0424
PHARMAMART,PharmaMart Stores,Pharmacy,2022Q4,2022-12-31,29466.5,1364.8,0.0463,4052.1,1399.1,2652.9,2.97,8.32,1705.8,-505.0,0.0022
PHARMAMART,PharmaMart Stores,Pharmacy,2023Q1,2023-03-31,29536.3,1339.8,0.0454,4067.9,1530.3,2537.6,3.04,5.15,1586.1,-506.4,-0.0087
PHARMAMART,PharmaMart Stores,Pharmacy,2023Q2,2023-06-30,29786.9,1435.1,0.0482,4069.0,2012.9,2056.0,2.84,8.76,1395.0,-123.7,-0.0024
PHARMAMART,PharmaMart Stores,Pharmacy,2023Q3,2023-09-30,29928.7,1533.7,0.0512,4202.5,1410.4,2792.1,2.74,8.65,972.2,384.1,0.014
PHARMAMART,PharmaMart Stores,Pharmacy,2023Q4,2023-12-31,30293.8,1637.0,0.054,4332.7,1276.6,3056.1,2.65,6.25,1650.8,-275.6,0.0131
PHARMAMART,PharmaMart Stores,Pharmacy,2024Q1,2024-03-31,30434.4,1620.0,0.0532,4264.4,739.2,3525.2,2.63,6.9,1473.3,-88.1,0.0644
PHARMAMART,PharmaMart Stores,Pharmacy,2024Q2,2024-06-30,30388.2,1470.1,0.0484,3689.6,720.2,2969.4,2.51,9.06,612.9,694.9,0.0053
PHARMAMART,PharmaMart Stores,Pharmacy,2024Q3,2024-09-30,30394.5,1338.1,0.044,3635.0,2051.5,1583.4,2.72,6.49,1144.9,-13.0,0.0531
PHARMAMART,PharmaMart Stores,Pharmacy,2024Q4,2024-12-31,30399.6,1159.2,0.0381,3245.8,1167.0,2078.8,2.8,6.3,1764.3,-789.1,0.0465
SPORTZONE,SportZone Athletics,Specialty,2022Q1,2022-03-31,4083.2,357.2,0.0875,1270.0,264.9,1005.1,3.56,5.46,95.4,196.3,-0.016
SPORTZONE,SportZone Athletics,Specialty,2022Q2,2022-06-30,4058.5,357.5,0.0881,1211.2,243.6,967.7,3.39,6.52,171.0,131.7,0.0046
SPORTZONE,SportZone Athletics,Specialty,2022Q3,2022-09-30,4056.1,334.7,0.0825,1169.5,178.7,990.8,3.49,5.7,237.4,38.6,0.0003
SPORTZONE,SportZone Athletics,Specialty,2022Q4,2022-12-31,4061.8,322.3,0.0794,1146.8,290.3,856.6,3.56,4.97,104.9,152.7,-0.0302
SPORTZONE,SportZone Athletics,Specialty,2023Q1,2023-03-31,3988.6,307.4,0.0771,1084.4,289.9,794.5,3.53,4.61,132.2,108.5,-0.0283
SPORTZONE,SportZone Athletics,Specialty,2023Q2,2023-06-30,3932.5,298.4,0.0759,1057.0,125.5,931.6,3.54,5.97,110.6,137.8,-0.0128
SPORTZONE,SportZone Athletics,Specialty,2023Q3,2023-09-30,3944.0,283.2,0.0718,1015.5,156.6,858.9,3.59,6.9,100.0,142.1,-0.0
SPORTZONE,SportZone Athletics,Specialty,2023Q4,2023-12-31,3999.3,282.8,0.0707,1052.3,118.2,934.2,3.72,4.53,225.1,-4.8,-0.0204
SPORTZONE,SportZone Athletics,Specialty,2024Q1,2024-03-31,3996.8,259.2,0.0648,950.9,282.1,668.7,3.67,4.31,85.0,114.0,0.0017
SPORTZONE,SportZone Athletics,Specialty,2024Q2,2024-06-30,3989.5,232.4,0.0583,868.9,298.0,570.9,3.74,5.42,91.0,98.5,-0.0297
SPORTZONE,SportZone Athletics,Specialty,2024Q3,2024-09-30,3953.4,214.3,0.0542,839.2,243.2,595.9,3.92,4.16,158.5,4.4,-0.0311
SPORTZONE,SportZone Athletics,Specialty,2024Q4,2024-12-31,3876.1,207.1,0.0534,774.7,298.3,476.4,3.74,4.89,121.8,42.9,-0.0349
GREENGROC,GreenGroc Organic,Grocery,2022Q1,2022-03-31,2446.0,128.4,0.0525,505.2,149.6,355.5,3.93,5.67,86.7,19.1,0.0802
GREENGROC,GreenGroc Organic,Grocery,2022Q2,2022-06-30,2465.8,130.5,0.0529,495.3,189.0,306.4,3.8,4.35,106.0,-5.4,0.0339
GREENGROC,GreenGroc Organic,Grocery,2022Q3,2022-09-30,2494.2,156.3,0.0627,592.3,122.5,469.8,3.79,4.16,100.6,18.2,0.0621
GREENGROC,GreenGroc Organic,Grocery,2022Q4,2022-12-31,2527.6,171.0,0.0676,645.6,52.9,592.7,3.78,6.07,129.8,13.0,0.0497
GREENGROC,GreenGroc Organic,Grocery,2023Q1,2023-03-31,2570.6,187.0,0.0727,708.0,61.0,647.0,3.79,5.68,114.5,39.6,0.0412
GREENGROC,GreenGroc Organic,Grocery,2023Q2,2023-06-30,2625.4,193.2,0.0736,731.9,135.0,597.0,3.79,5.19,67.8,88.2,0.0435
GREENGROC,GreenGroc Organic,Grocery,2023Q3,2023-09-30,2648.3,201.9,0.0762,729.1,209.0,520.1,3.61,4.28,141.4,13.3,0.0774
GREENGROC,GreenGroc Organic,Grocery,2023Q4,2023-12-31,2706.2,229.2,0.0847,795.3,202.6,592.6,3.47,4.63,84.5,95.3,0.0674
GREENGROC,GreenGroc Organic,Grocery,2024Q1,2024-03-31,2756.1,242.4,0.088,823.5,97.3,726.2,3.4,6.61,93.2,112.6,0.0626
GREENGROC,GreenGroc Organic,Grocery,2024Q2,2024-06-30,2787.8,261.0,0.0936,849.2,60.0,789.3,3.25,6.73,57.7,164.5,0.0476
GREENGROC,GreenGroc Organic,Grocery,2024Q3,2024-09-30,2843.3,263.5,0.0927,830.4,207.8,622.6,3.15,5.45,82.4,132.8,0.0536
GREENGROC,GreenGroc Organic,Grocery,2024Q4,2024-12-31,2875.9,281.4,0.0979,863.8,146.2,717.6,3.07,4.67,166.1,55.1,0.0878
BEAUTYCO,BeautyCo Holdings,Specialty,2022Q1,2022-03-31,3637.2,351.2,0.0966,1480.6,77.4,1403.2,4.22,4.41,196.3,75.3,0.0174
BEAUTYCO,BeautyCo Holdings,Specialty,2022Q2,2022-06-30,3591.4,331.8,0.0924,1368.5,133.6,1234.9,4.12,4.37,73.0,182.8,0.0196
BEAUTYCO,BeautyCo Holdings,Specialty,2022Q3,2022-09-30,3595.6,363.3,0.101,1481.7,246.9,1234.7,4.08,4.96,137.0,153.0,0.0417
BEAUTYCO,BeautyCo Holdings,Specialty,2022Q4,2022-12-31,3641.8,359.7,0.0988,1470.3,268.8,1201.5,4.09,5.78,183.9,113.6,0.0166
BEAUTYCO,BeautyCo Holdings,Specialty,2023Q1,2023-03-31,3695.6,366.6,0.0992,1529.0,286.4,1242.6,4.17,4.92,162.1,129.9,0.0451
BEAUTYCO,BeautyCo Holdings,Specialty,2023Q2,2023-06-30,3728.1,354.1,0.095,1477.8,76.0,1401.8,4.17,5.32,164.4,123.2,0.0188
BEAUTYCO,BeautyCo Holdings,Specialty,2023Q3,2023-09-30,3705.5,370.8,0.1001,1483.6,207.4,1276.2,4.0,4.51,140.6,148.0,0.0212
BEAUTYCO,BeautyCo Holdings,Specialty,2023Q4,2023-12-31,3718.6,360.8,0.097,1457.4,293.4,1164.0,4.04,3.7,206.5,56.8,-0.0197
BEAUTYCO,BeautyCo Holdings,Specialty,2024Q1,2024-03-31,3716.6,368.1,0.0991,1473.8,200.5,1273.2,4.0,4.03,164.6,112.3,0.0474
BEAUTYCO,BeautyCo Holdings,Specialty,2024Q2,2024-06-30,3664.6,359.5,0.0981,1478.3,176.0,1302.3,4.11,3.89,158.4,108.6,-0.0305
BEAUTYCO,BeautyCo Holdings,Specialty,2024Q3,2024-09-30,3663.3,359.1,0.098,1497.0,116.4,1380.6,4.17,5.98,170.4,128.7,-0.0005
BEAUTYCO,BeautyCo Holdings,Specialty,2024Q4,2024-12-31,3667.6,362.5,0.0988,1503.6,156.4,1347.2,4.15,3.68,175.5,88.4,0.0165
OFFICEMAX2,OfficeMax Plus,Office Supply,2022Q1,2022-03-31,6845.6,329.0,0.0481,1626.4,163.7,1462.8,4.94,3.02,207.4,12.7,-0.0595
OFFICEMAX2,OfficeMax Plus,Office Supply,2022Q2,2022-06-30,6932.2,334.7,0.0483,1703.9,191.9,1512.0,5.09,4.6,249.1,12.9,-0.0157
OFFICEMAX2,OfficeMax Plus,Office Supply,2022Q3,2022-09-30,6806.6,346.1,0.0508,1766.6,399.2,1367.4,5.1,3.49,221.8,25.0,-0.0183
OFFICEMAX2,OfficeMax Plus,Office Supply,2022Q4,2022-12-31,6868.2,377.8,0.055,1942.8,183.2,1759.6,5.14,3.27,269.7,-7.4,-0.0234
OFFICEMAX2,OfficeMax Plus,Office Supply,2023Q1,2023-03-31,6810.6,375.1,0.0551,1903.2,216.0,1687.2,5.07,4.59,275.5,17.9,-0.0383
OFFICEMAX2,OfficeMax Plus,Office Supply,2023Q2,2023-06-30,6857.6,352.3,0.0514,1787.0,478.5,1308.4,5.07,3.04,259.8,-23.5,-0.0572
OFFICEMAX2,OfficeMax Plus,Office Supply,2023Q3,2023-09-30,6779.3,361.4,0.0533,1959.2,408.5,1550.7,5.42,3.46,290.0,-32.9,0.0401
OFFICEMAX2,OfficeMax Plus,Office Supply,2023Q4,2023-12-31,6797.7,363.9,0.0535,1961.4,265.3,1696.2,5.39,3.24,198.3,53.4,-0.0408
OFFICEMAX2,OfficeMax Plus,Office Supply,2024Q1,2024-03-31,6869.7,402.3,0.0586,2246.6,139.1,2107.4,5.58,2.65,338.9,-88.1,0.0262
OFFICEMAX2,OfficeMax Plus,Office Supply,2024Q2,2024-06-30,6757.4,380.3,0.0563,2143.9,178.5,1965.3,5.64,3.1,171.8,85.7,-0.0244
OFFICEMAX2,OfficeMax Plus,Office Supply,2024Q3,2024-09-30,6628.6,352.0,0.0531,1977.0,142.8,1834.3,5.62,3.16,272.7,-32.2,-0.0609
OFFICEMAX2,OfficeMax Plus,Office Supply,2024Q4,2024-12-31,6592.2,324.0,0.0492,1852.4,310.9,1541.5,5.72,2.57,192.5,5.2,0.0016
DISCOUNTCO,DiscountCo Stores,Dollar Stores,2022Q1,2022-03-31,15027.6,1217.1,0.081,3329.1,531.9,2797.2,2.74,7.74,802.0,257.9,0.0298
DISCOUNTCO,DiscountCo Stores,Dollar Stores,2022Q2,2022-06-30,14966.5,1205.6,0.0806,3203.3,684.6,2518.7,2.66,9.0,733.1,338.6,0.0362
DISCOUNTCO,DiscountCo Stores,Dollar Stores,2022Q3,2022-09-30,14942.1,1273.2,0.0852,3534.6,894.3,2640.3,2.78,6.51,863.1,214.3,0.0256
DISCOUNTCO,DiscountCo Stores,Dollar Stores,2022Q4,2022-12-31,15154.8,1291.0,0.0852,3644.1,450.1,3194.0,2.82,8.53,468.3,671.3,0.0418
DISCOUNTCO,DiscountCo Stores,Dollar Stores,2023Q1,2023-03-31,15260.0,1295.2,0.0849,3619.1,1112.4,2506.7,2.79,6.38,904.8,187.4,0.0021
DISCOUNTCO,DiscountCo Stores,Dollar Stores,2023Q2,2023-06-30,15247.4,1240.0,0.0813,3589.4,1139.8,2449.6,2.89,5.69,530.4,491.8,0.043
DISCOUNTCO,DiscountCo Stores,Dollar Stores,2023Q3,2023-09-30,15266.0,1307.8,0.0857,3995.3,966.9,3028.4,3.06,5.72,496.7,582.4,0.0544
DISCOUNTCO,DiscountCo Stores,Dollar Stores,2023Q4,2023-12-31,15242.1,1256.1,0.0824,3882.1,1207.1,2675.0,3.09,4.72,816.0,173.7,0.0518
DISCOUNTCO,DiscountCo Stores,Dollar Stores,2024Q1,2024-03-31,15335.8,1239.1,0.0808,3801.3,439.9,3361.4,3.07,7.69,565.1,512.9,0.0125
DISCOUNTCO,DiscountCo Stores,Dollar Stores,2024Q2,2024-06-30,15295.0,1192.6,0.078,3861.7,649.4,3212.2,3.24,5.34,320.0,649.2,0.0066
DISCOUNTCO,DiscountCo Stores,Dollar Stores,2024Q3,2024-09-30,15493.9,1282.5,0.0828,4102.2,525.9,3576.3,3.2,4.79,776.7,238.1,-0.0034
DISCOUNTCO,DiscountCo Stores,Dollar Stores,2024Q4,2024-12-31,15475.1,1297.4,0.0838,3977.4,1045.1,2932.3,3.07,4.7,734.0,287.5,0.0668
OUTDOORPRO,OutdoorPro Gear,Specialty,2022Q1,2022-03-31,3121.4,351.0,0.1124,1353.8,170.9,1182.9,3.86,3.72,139.8,116.8,0.0247
OUTDOORPRO,OutdoorPro Gear,Specialty,2022Q2,2022-06-30,3153.5,341.3,0.1082,1296.0,203.5,1092.5,3.8,4.13,82.8,175.9,0.0311
OUTDOORPRO,OutdoorPro Gear,Specialty,2022Q3,2022-09-30,3126.7,340.2,0.1088,1348.9,164.0,1184.9,3.96,3.65,184.4,62.6,-0.0139
OUTDOORPRO,OutdoorPro Gear,Specialty,2022Q4,2022-12-31,3133.7,356.1,0.1136,1453.8,139.8,1314.0,4.08,4.05,69.2,198.9,0.0078
OUTDOORPRO,OutdoorPro Gear,Specialty,2023Q1,2023-03-31,3182.9,372.7,0.1171,1504.6,208.0,1296.5,4.04,3.76,170.8,102.6,0.0124
OUTDOORPRO,OutdoorPro Gear,Specialty,2023Q2,2023-06-30,3157.0,365.5,0.1158,1488.3,107.7,1380.6,4.07,3.66,101.6,164.0,0.0246
OUTDOORPRO,OutdoorPro Gear,Specialty,2023Q3,2023-09-30,3197.5,379.9,0.1188,1485.8,239.8,1246.0,3.91,4.09,67.8,219.3,0.0586
OUTDOORPRO,OutdoorPro Gear,Specialty,2023Q4,2023-12-31,3180.5,364.5,0.1146,1331.5,158.3,1173.2,3.65,5.75,178.7,122.4,0.0381
OUTDOORPRO,OutdoorPro Gear,Specialty,2024Q1,2024-03-31,3201.7,367.3,0.1147,1360.2,151.8,1208.5,3.7,6.26,123.7,185.0,0.033
OUTDOORPRO,OutdoorPro Gear,Specialty,2024Q2,2024-06-30,3193.5,360.7,0.1129,1389.6,194.3,1195.3,3.85,5.55,154.9,140.8,0.0417
OUTDOORPRO,OutdoorPro Gear,Specialty,2024Q3,2024-09-30,3167.2,356.0,0.1124,1399.0,205.4,1193.6,3.93,4.83,80.0,202.3,-0.0031
OUTDOORPRO,OutdoorPro Gear,Specialty,2024Q4,2024-12-31,3176.4,356.1,0.1121,1347.4,83.9,1263.5,3.78,3.81,139.6,123.1,0.0334
SNAPFASH,SnapFashion Retail,Fast Fashion,2022Q1,2022-03-31,4396.3,88.1,0.02,593.3,334.6,258.7,6.73,2.63,122.2,-67.6,-0.1065
SNAPFASH,SnapFashion Retail,Fast Fashion,2022Q2,2022-06-30,4304.5,74.1,0.0172,518.4,151.8,366.5,7.0,2.06,162.4,-124.3,-0.0843
SNAPFASH,SnapFashion Retail,Fast Fashion,2022Q3,2022-09-30,4221.7,42.2,0.01,304.6,185.0,119.5,7.21,2.56,186.7,-161.0,-0.1061
SNAPFASH,SnapFashion Retail,Fast Fashion,2022Q4,2022-12-31,4103.8,41.0,0.01,309.5,273.0,36.5,7.54,2.72,118.4,-92.5,-0.095
SNAPFASH,SnapFashion Retail,Fast Fashion,2023Q1,2023-03-31,4066.8,40.7,0.01,323.6,165.2,158.4,7.96,1.92,218.8,-199.3,-0.0906
SNAPFASH,SnapFashion Retail,Fast Fashion,2023Q2,2023-06-30,4022.8,40.2,0.01,328.0,235.9,92.2,8.15,1.76,218.4,-201.0,-0.1115
SNAPFASH,SnapFashion Retail,Fast Fashion,2023Q3,2023-09-30,3935.0,39.4,0.01,332.4,92.7,239.7,8.45,2.31,93.7,-71.4,-0.0867
SNAPFASH,SnapFashion Retail,Fast Fashion,2023Q4,2023-12-31,3889.1,38.9,0.01,340.9,119.8,221.1,8.77,2.14,225.9,-205.2,-0.0877
SNAPFASH,SnapFashion Retail,Fast Fashion,2024Q1,2024-03-31,3781.8,37.8,0.01,334.7,215.5,119.2,8.85,1.84,185.8,-168.5,-0.1024
SNAPFASH,SnapFashion Retail,Fast Fashion,2024Q2,2024-06-30,3681.8,36.8,0.01,335.5,95.4,240.1,9.11,1.84,163.2,-146.4,-0.1062
SNAPFASH,SnapFashion Retail,Fast Fashion,2024Q3,2024-09-30,3554.4,,0.01,335.1,262.6,72.5,,,182.1,,-0.0891
SNAPFASH,SnapFashion Retail,Fast Fashion,2024Q4,2024-12-31,3442.6,,0.01,337.5,140.8,196.7,,,141.9,,-0.1417
